,precision,recall,f1-score,support
1,0.8794326241134752,0.9841269841269841,0.9288389513108614,126.0
2,0.9166666666666666,0.7333333333333333,0.8148148148148148,30.0
3,1.0,1.0,1.0,6.0
4,1.0,0.8125,0.896551724137931,32.0
5,1.0,0.8333333333333334,0.9090909090909091,12.0
cryptic,1.0,0.9772727272727273,0.9885057471264368,44.0
accuracy,0.924,0.924,0.924,0.924
macro avg,0.966016548463357,0.8900943963443964,0.9229670244134921,250.0
weighted avg,0.9292340425531915,0.924,0.9222846050587237,250.0
